month,publish_status,raw_rows,excluded_rows,excluded_pct,valid_trips,valid_trips_per_day,api_pickups,raw_rows_known_zone,api_gap_pct,street_hails,dispatch_trips,unclassified_trips,unclassified_pct,unclassified_clear_hez,hails_known_zone,hails_boro_zone,hails_boundary,hails_clear_hez,kpi_boro_zone_share_pct,boundary_hail_pct,clear_hez_hail_pct,median_duration_min,median_speed_mph,status_note,triggers_fired
2025-07,OK,48205,144,0.3,48061,1550,48118,48044,-0.15,40310,2566,5185,10.79,477,40237,37397,2817,23,92.94,7.0,0.06,12.38,10.26,,
2025-08,OK,46306,159,0.34,46147,1489,46124,46111,-0.03,37900,3504,4743,10.28,375,37841,35529,2293,19,93.89,6.06,0.05,12.63,10.55,,
2025-09,OK,48893,152,0.31,48741,1625,48743,48747,0.01,40289,3044,5408,11.1,489,40236,37356,2853,27,92.84,7.09,0.07,13.17,9.95,,
2025-10,OK,49416,152,0.31,49264,1589,49244,49241,-0.01,41736,2511,5017,10.18,517,41654,38660,2974,20,92.81,7.14,0.05,12.82,9.81,,
2025-11,OK,46912,166,0.35,46746,1558,46803,46796,-0.01,38912,2265,5569,11.91,616,38864,36232,2610,22,93.23,6.72,0.06,12.28,10.01,,
2025-12,OK,48236,187,0.39,48049,1550,48094,48105,0.02,40104,2101,5844,12.16,585,40065,37521,2524,20,93.65,6.3,0.05,12.13,9.77,,
2026-01,OK,40272,142,0.35,40130,1295,40141,40142,0.0,33111,1604,5415,13.49,522,33042,30834,2195,13,93.32,6.64,0.04,12.2,9.57,,
2026-02,OK,37373,120,0.32,37253,1330,37263,37249,-0.04,30384,1482,5387,14.46,464,30326,28531,1787,8,94.08,5.89,0.03,12.73,9.24,,
2026-03,OK,44208,122,0.28,44086,1422,44064,44068,0.01,35563,1832,6691,15.18,679,35505,33088,2408,9,93.19,6.78,0.03,12.23,9.92,,unclassified trips above 15.0%: raise with the vendor data team
2026-04,OK,44238,158,0.36,44080,1469,44102,44099,-0.01,35819,1971,6290,14.27,686,35762,33365,2382,15,93.3,6.66,0.04,12.23,9.99,,
2026-05,WARN,44921,133,0.3,44788,1445,45708,44756,-2.08,36817,2199,5772,12.89,588,36751,34552,2169,30,94.02,5.9,0.08,12.57,9.69,"volume -2.08% vs TLC aggregate; vendor_6_reports_to_month_end (4048 valid trips, last pickup date 2026-05-26)",
2026-06,OK,44163,124,0.28,44039,1468,44004,44012,0.02,35403,2167,6469,14.69,743,35330,33087,2210,33,93.65,6.26,0.09,12.58,9.73,,
